RIdentifier,FullAcceptedName,Species level,Native species
443600,Aegilops bicornis (Forssk.) Jaub. & Spach,Yes,yes
442529,Aegilops biuncialis Vis.,Yes,yes
466609,Aegilops biuncialis subsp. archipelagica (Eig) Raus,no,NE
466608,Aegilops biuncialis Vis. subsp. biuncialis,no,NE
442535,Aegilops caudata L.,Yes,yes
442541,Aegilops caudata L. subsp. caudata,no,NE
466616,Aegilops caudata subsp. polyathera (Boiss.) Zhuk.,no,NE
442542,Aegilops columnaris Zhuk.,Yes,no
442543,Aegilops comosa Sm.,Yes,yes
443293,Aegilops comosa Sm. subsp. comosa,no,NE
443294,Aegilops comosa subsp. heldreichii (Boiss.) Eig,no,NE
442545,Aegilops crassa Boiss.,Yes,no
442546,Aegilops cylindrica Host,Yes,yes
442549,Aegilops geniculata Roth,Yes,yes
442558,Aegilops juvenalis (Thell.) Eig,Yes,no
442560,Aegilops kotschyi Boiss.,Yes,yes
442562,Aegilops neglecta Bertol.,Yes,yes
442570,Aegilops peregrina (Hack.) Maire & Weiller,Yes,yes
466644,Aegilops peregrina subsp. cylindrostachys (Eig & Feinbrun) Maire & Weiller,no,NE
443299,Aegilops peregrina (Hack.) Maire & Weiller subsp. peregrina,no,NE
442579,Aegilops speltoides Tausch,Yes,yes
442581,Aegilops speltoides subsp. ligustica (Savign.) Zhuk.,no,NE
466650,Aegilops speltoides Tausch subsp. speltoides,no,NE
442588,Aegilops tauschii Coss.,Yes,yes
448934,Aegilops tauschii Coss. subsp. tauschii,no,NE
442590,Aegilops triuncialis L.,Yes,yes
466663,Aegilops triuncialis subsp. persica (Boiss.) Zhuk.,no,NE
448937,Aegilops triuncialis L. subsp. triuncialis,no,NE
442594,Aegilops umbellulata Zhuk.,Yes,yes
442595,Aegilops uniaristata Vis.,Yes,yes
442597,Aegilops vavilovii (Zhuk.) Chennav.,Yes,no
442600,Aegilops ventricosa Tausch,Yes,yes
442613,Agropyron cimmericum Nevski,Yes,yes
442615,Agropyron cristatum (L.) Gaertn.,Yes,yes
466674,Agropyron cristatum subsp. brandzae (Pan?u & Solacolu) Melderis,no,NE
442619,Agropyron cristatum (L.) Gaertn. subsp. cristatum,no,NE
534225,Agropyron cristatum subsp. kazachstanicum Tzvelev,no,NE
466677,Agropyron cristatum subsp. pectinatum (M. Bieb.) Tzvelev,no,NE
443316,Agropyron cristatum subsp. ponticum (Nevski) Tzvelev,no,NE
466681,Agropyron cristatum subsp. puberulum (Steud.) Tzvelev,no,NE
443318,Agropyron cristatum subsp. sabulosum Lavrenko,no,NE
443319,Agropyron cristatum subsp. sclerophyllum Tzvelev,no,NE
442620,Agropyron dasyanthum Ledeb.,Yes,yes
442623,Agropyron desertorum (Link) Schult.,Yes,yes
442631,Agropyron tanaiticum Nevski,Yes,yes
442646,Agrostis capillaris L.,Yes,yes
443329,Agrostis capillaris L. subsp. capillaris,no,NE
468013,Agrostis capillaris subsp. oreophila (O. Schwarz) Soj�k,no,NE
468015,Agrostis capillaris subsp. repens (Schur) Soj�k,no,NE
442668,Agrostis gigantea Roth,Yes,yes
443341,Agrostis gigantea Roth subsp. gigantea,no,NE
468028,Agrostis gigantea subsp. glaucescens (Wid�n) Vald�s & H. Scholz,no,NE
443342,Agrostis gigantea subsp. maeotica (Klokov) Tzvelev,no,NE
443344,Agrostis gigantea subsp. moldavica (Dobrescu & Beldie) Dihoru,no,NE
443346,Agrostis gigantea subsp. pontica (Grecescu) Dihoru,no,NE
442702,Agrostis stolonifera L.,Yes,yes
443350,Agrostis stolonifera subsp. albida (Trin.) Tzvelev,no,NE
476300,Agrostis stolonifera subsp. filfiolia (Link) H. Scholz,no,NE
468044,Agrostis stolonifera subsp. gaditana (Boiss. & Reut.) Vald�s & H. Scholz,no,NE
468050,Agrostis stolonifera subsp. maritima (Lam.) Vasc.,no,NE
443358,Agrostis stolonifera subsp. scabriglumis (Boiss. & Reut.) Maire,no,NE
481813,Agrostis stolonifera L. subsp. stolonifera,no,NE
443364,Agrostis stolonifera subsp. straminea (Hartm.) Tzvelev,no,NE
495591,Allium albiflorum Omelczuk,Yes,yes
487639,Allium ampeloprasum L.,Yes,yes
531981,Allium atroviolaceum Boiss.,Yes,yes
506622,Allium bourgeaui Rech. f.,Yes,yes
509015,Allium bourgeaui Rech. f. subsp. bourgeaui,no,NE
482663,Allium bourgeaui subsp. creticum Bothmer,no,NE
485377,Allium bourgeaui subsp. cycladicum Bothmer,no,NE
520893,Allium commutatum Guss.,Yes,yes
513162,Allium convallarioides Grossh.,Yes,YES
505760,Allium corsicum Jauzein & al.,Yes,yes
515116,"Allium exaltatum (Meikle) Brullo, Pavone, Salmeri & Venora",Yes,yes
523353,Allium fistulosum L.,Yes,no
492372,"Allium lojaconoi Brullo, Lanfr. & Pavone",Yes,yes
528482,Allium melananthum Coincy,Yes,yes
492914,Allium pardoi Loscos,Yes,yes
520306,Allium pervestitum Klokov,Yes,yes
502282,Allium pyrenaicum Costa & Vayr.,Yes,yes
503353,Allium sativum L.,Yes,no
527992,Allium scabriscapum Boiss.,Yes,no
529543,Allium schmitzii Cout.,Yes,yes
502009,Allium schoenoprasum L.,Yes,yes
502218,"Allium schoenoprasum subsp. gredense (Rivas Goday) Rivas Mart., Fern. Gonz. & S�nchez Mata",no,NE
527056,"Allium schoenoprasum subsp. latiorifolium (Pau) Rivas Mart., Fern. Gonz. & S�nchez Mata",no,NE
527267,Allium schoenoprasum L. subsp. schoenoprasum,no,NE
498060,Allium truncatum (Feinbrun) F. Kollmann & D. Zohary,Yes,yes
509286,Allium tuberosum Rottler ex Spreng.,Yes,no
442788,Alopecurus pratensis L.,Yes,yes
442789,Alopecurus pratensis subsp. alpestris (Wahlenb.) Selander,no,NE
443386,Alopecurus pratensis subsp. laguriformis (Schur) Tzvelev,no,NE
443385,Alopecurus pratensis L. subsp. pratensis,no,NE
468130,Alopecurus pratensis subsp. pseudonigricans O. Schwarz,no,NE
442803,Amblyopyrum muticum (Boiss.) Eig,Yes,yes
292728,"Armoracia rusticana P. Gaertn. , B. Mey. & Scherb.",Yes,yes
468171,Arrhenatherum elatius (L.) J. Presl & C. Presl,Yes,yes
443433,Arrhenatherum elatius subsp. baeticum Romero Zarco,no,NE
468178,Arrhenatherum elatius subsp. bulbosum (Willd.) Sch�bl. & G. Martens,no,NE
468176,Arrhenatherum elatius (L.) J. Presl & C. Presl subsp. elatius,no,NE
481278,Arrhenatherum elatius subsp. nebrodense (Brullo & al.) Giardina & Raimondo,no,NE
468190,Arrhenatherum elatius subsp. sardoum (Em. Schmid) Gamisans,no,NE
532843,Asparagus acutifolius L.,Yes,yes
482525,Asparagus albus L.,Yes,yes
497055,Asparagus aphyllus L.,Yes,yes
533107,Asparagus aphyllus L. subsp. aphyllus,no,NE
496076,Asparagus aphyllus subsp. orientalis (Baker) P. H. Davis,no,NE
484527,Asparagus arborescens Willd. ex Schult. & Schult. f.,Yes,yes
525730,Asparagus densiflorus (Kunth) Jessop,Yes,yes
511791,Asparagus fallax Svent.,Yes,yes
487317,Asparagus horridus L.,Yes,yes
507001,Asparagus inderiensis Blume ex Ledeb.,Yes,yes
486600,Asparagus maritimus (L.) Mill.,Yes,yes
520330,Asparagus nesiotes Svent.,Yes,yes
518121,Asparagus nesiotes Svent. subsp. nesiotes,no,NE
483252,Asparagus nesiotes subsp. purpureiensis Marrero Rodr. & A. Ramos,no,NE
502230,Asparagus officinalis L.,Yes,yes
503710,Asparagus officinalis L. subsp. officinalis,no,NE
510183,Asparagus officinalis subsp. prostratus (Dumort.) Corb.,no,NE
518153,Asparagus pastorianus Webb & Berthel.,Yes,yes
504150,Asparagus plocamoides Webb ex Svent.,Yes,yes
526634,Asparagus pseudoscaber Grecescu,Yes,yes
491471,Asparagus tenuifolius Lam.,Yes,yes
527233,Asparagus verticillatus L.,Yes,yes
554747,Astartoseris triquetra (Labill.) N. Kilian & al.,Yes,yes
538149,Astragalus arenarius L.,Yes,yes
538162,Astragalus cicer L.,Yes,yes
537526,Astragalus pelecinus (L.) Barneby,Yes,yes
537527,Astragalus pelecinus (L.) Barneby subsp. pelecinus,no,NE
450355,Atriplex halimus L.,Yes,yes
442962,Avena barbata Link,Yes,yes
443445,Avena barbata Link subsp. barbata,no,NE
443452,Avena barbata subsp. castellana Romero Zarco,no,NE
468205,Avena barbata subsp. hirtula (Lag.) Tab. Morais,no,NE
468208,Avena barbata subsp. lusitanica (Tab. Morais) Romero Zarco,no,NE
443275,Avena barbata subsp. wiestii (Steud.) Mansf.,no,NE
468214,Avena byzantina K. Koch,Yes,no
442975,Avena clauda Durieu,Yes,yes
442981,Avena eriantha Durieu,Yes,yes
442982,Avena fatua L.,Yes,yes
468221,Avena fatua subsp. aemulans (Nevski) H. Scholz,no,NE
442979,Avena fatua subsp. cultiformis Malzev,no,NE
443465,Avena fatua L. subsp. fatua,no,NE
442989,Avena fatua subsp. meridionalis Malzev,no,NE
442984,Avena hybrida Peterm.,Yes,yes
468230,Avena insularis Ladiz.,Yes,yes
442985,Avena longiglumis Durieu,Yes,yes
442990,Avena murphyi Ladiz.,Yes,yes
443003,Avena sterilis L.,Yes,yes
468241,Avena sterilis subsp. atherantha (C. Presl) H. Scholz,no,NE
443481,Avena sterilis subsp. ludoviciana (Durieu) Gillet & Magne,no,NE
443478,Avena sterilis L. subsp. sterilis,no,NE
468249,Avena sterilis subsp. trichophylla (K. Koch) Malzev,no,NE
443010,Avena strigosa Schreb.,Yes,yes
293170,Barbarea verna (Mill.) Asch.,Yes,yes
451043,Beta corolliflora Buttler,Yes,no
451045,Beta lomatogona Fisch. & C. A. Mey.,Yes,no
450403,Beta macrocarpa Guss.,Yes,yes
451220,Beta macrorhiza Steven,Yes,YES
450406,Beta nana Boiss. & Heldr.,Yes,yes
450824,Beta patula Aiton,Yes,yes
450411,Beta trigyna Waldst. & Kit.,Yes,yes
450412,Beta vulgaris L.,Yes,yes
544916,Beta vulgaris subsp. adanensis Pamuk.,no,NE
450420,Beta vulgaris subsp. maritima (L.) Arcang.,no,NE
450418,Beta vulgaris L. subsp. vulgaris,no,NE
293771,Brassica barrelieri (L.) Janka,Yes,yes
293787,Brassica cretica Lam.,Yes,yes
296160,"Brassica cretica subsp. aegaea (Heldr. & Hal�csy) Snogerup, M. A. Gust. & Bothmer",no,NE
293783,Brassica cretica Lam. subsp. cretica,no,NE
294921,Brassica cretica subsp. laconica M. A. Gust. & Snogerup,no,NE
293785,Brassica cretica subsp. nivea (Boiss. & Spruner) M. A. Gust. & Snogerup,no,NE
293790,Brassica elongata Ehrh.,Yes,yes
292199,Brassica elongata Ehrh. subsp. elongata,no,NE
293060,Brassica elongata subsp. integrifolia (Boiss.) Breistr.,no,NE
296061,Brassica elongata subsp. pinnatifida (Schmalh.) Greuter & Burdet,no,NE
293791,Brassica fruticulosa Cirillo,Yes,yes
428817,Brassica fruticulosa subsp. cossoniana (Boiss. & Reut.) Maire,no,NE
292201,Brassica fruticulosa Cirillo subsp. fruticulosa,no,NE
296473,Brassica hilarionis Post,Yes,yes
292576,Brassica incana Ten.,Yes,yes
294113,Brassica insularis Moris,Yes,yes
293798,Brassica macrocarpa Guss.,Yes,yes
295934,Brassica maurorum Durieu,Yes,no
292210,Brassica montana Pourr.,Yes,yes
295509,Brassica napus L.,Yes,yes
293074,Brassica nigra (L.) W. D. J. Koch,Yes,yes
293808,Brassica oleracea L.,Yes,yes
295510,Brassica oleracea subsp. botrytis (L.) Duchesne,no,NE
295206,Brassica oleracea subsp. capitata (L.) Duchesne,no,NE
481187,Brassica oleracea subsp. caulorapa (DC.) Metzg.,no,NE
481186,Brassica oleracea subsp. fruticosa Metzg.,no,NE
292205,Brassica oleracea L. subsp. oleracea,no,NE
297322,Brassica oxyrrhina (Coss.) Willk.,Yes,yes
293077,Brassica rapa (L.) L.,Yes,yes
295186,Brassica rapa subsp. campestris (L.) A. R. Clapham,no,NE
295520,Brassica rapa subsp. chinensis (L.) Hanelt,no,NE
292585,Brassica rapa subsp. oleifera (DC.) Metzg.,no,NE
295523,Brassica rapa subsp. pekinensis (Lour.) Hanelt,no,NE
294122,Brassica rapa L. subsp. rapa,no,NE
297363,Brassica repanda subsp. glabrescens (Poldini) Gómez Campo,no,yes
293825,Brassica rupestris Raf.,Yes,yes
294125,Brassica tournefortii Gouan,Yes,yes
293082,Brassica villosa Biv.,Yes,yes
554835,Brassica villosa subsp. drepanensis (Caruel) Raimondo & P. Mazzola,no,NE
403632,Carthamus boissieri Halácsy,Yes,yes
403718,Carthamus creticus L.,Yes,yes
403662,Carthamus dentatus (Forssk.) Vahl,Yes,yes
403664,Carthamus dentatus (Forssk.) Vahl subsp. dentatus,no,NE
403665,Carthamus dentatus subsp. ruber (Link) Hanelt,no,NE
403680,Carthamus glaucus M. Bieb.,Yes,yes
403683,Carthamus glaucus M. Bieb. subsp. glaucus,no,NE
403710,Carthamus lanatus L.,Yes,yes
403725,Carthamus leucocaulos Sm.,Yes,yes
403744,Carthamus persicus Willd.,Yes,no
403770,Carthamus tenuis (Boiss. & C. I. Blanche) Bornm.,Yes,yes
403773,Carthamus tenuis subsp. foliosus Hanelt,no,NE
403774,Carthamus tenuis subsp. gracillimus (Rech. f.) Hanelt,no,NE
403772,Carthamus tenuis (Boiss. & C. I. Blanche) Bornm. subsp. tenuis,no,NE
486263,Castanea crenata Siebold & Zucc.,Yes,no
490010,Castanea sativa Mill.,Yes,yes
451049,Chenopodium berlandieri Moq.,Yes,no
450480,Chenopodium ficifolium Sm.,Yes,yes
451050,Chenopodium hircinum Schrad.,Yes,no
451055,Chenopodium quinoa Willd.,Yes,no
536358,Cicer bijugum Rech. f.,Yes,no
536909,Cicer canariense A. Santos & G. P. Lewis,Yes,yes
536359,Cicer echinospermum P. H. Davis,Yes,no
538285,Cicer graecum Boiss.,Yes,yes
536360,Cicer pinnatifidum Jaub. & Spach,Yes,yes
536363,Cicer reticulatum Ladiz.,Yes,no
419174,Cichorium calvum Asch.,Yes,no
419175,Cichorium endivia L.,Yes,yes
419178,Cichorium intybus L.,Yes,yes
419190,Cichorium pumilum Jacq.,Yes,yes
419197,Cichorium spinosum L.,Yes,yes
353250,Citrullus colocynthis (L.) Schrad.,Yes,yes
353341,Citrullus lanatus (Thunb.) Matsum. & Nakai,Yes,no
294960,Coincya monensis (L.) Greuter & Burdet,Yes,yes
295539,"Coincya monensis subsp. cheiranthos (Vill.) Aedo, Leadley & Mu�oz Garm",no,NE
294965,Coincya monensis (L.) Greuter & Burdet subsp. monensis,no,NE
294998,Coincya monensis subsp. nevadensis (Willk.) Leadlay,no,NE
296182,"Coincya monensis subsp. orophila (Franco) Aedo, Leadlay & Mu�oz Garm.",no,NE
294995,Coincya monensis subsp. puberula (Pau) Leadlay,no,NE
453691,Comarum palustre L.,Yes,yes
451393,Corylus avellana L.,Yes,yes
451395,Corylus colurna L.,Yes,yes
451396,Corylus maxima Mill.,Yes,yes
295054,Crambe arborea H. Christ,Yes,yes
293714,Crambe aspera M. Bieb.,Yes,yes
550327,Crambe feuillei A. Santos ex Prina & Mart.-Laborde,Yes,yes
292481,Crambe filiformis Jacq.,Yes,yes
295055,Crambe fruticosa L. f.,Yes,yes
295057,Crambe gomeraea H. Christ,Yes,yes
293717,Crambe hispanica L.,Yes,yes
295058,Crambe laevigata DC. ex H. Christ,Yes,yes
295059,Crambe microcarpa A. Santos,Yes,yes
295060,Crambe pritzelii Bolle,Yes,yes
295062,Crambe scaberrima Bramwell,Yes,yes
295063,Crambe scoparia Svent.,Yes,yes
295066,Crambe sventenii B. Pett. ex Bramwell & Sundell,Yes,yes
550325,Crambe tamadabensis A. Prina & A. Marrero,Yes,yes
550326,Crambe wildpretii Prina & Bramwell,Yes,yes
353347,Cucumis dipsaceus Spach,Yes,no
353292,Cucumis sativus L.,Yes,no
406818,Cynara algarbiensis Mariz,Yes,yes
406819,Cynara auranitica Post,Yes,no
406823,Cynara baetica (Spreng.) Pau,Yes,yes
406828,Cynara baetica (Spreng.) Pau subsp. baetica,no,NE
406835,Cynara cardunculus subsp. flavescens Wiklund,no,yes
548622,Cynara cardunculus subsp. zingaroensis (Raimondo & Domina) Raimondo & Domina,no,NE
406841,Cynara humilis L.,Yes,yes
406844,Cynara tournefortii Boiss. & Reut.,Yes,yes
444178,Cynodon dactylon (L.) Pers.,Yes,yes
444197,Dactylis glomerata L.,Yes,yes
444486,Dactylis glomerata L. subsp. glomerata,no,NE
444487,Dactylis glomerata subsp. hackelii (Asch. & Graebn.) Cif. & Giacom.,no,NE
444488,Dactylis glomerata subsp. hispanica (Roth) Nyman,no,NE
444491,Dactylis glomerata subsp. ibizensis Stebbins & D. Zohary,no,NE
467173,Dactylis glomerata subsp. izcoi S. Ort�z & Rodr. Oubi�a,no,NE
467175,Dactylis glomerata subsp. juncinella (Bory) K. Richt.,no,NE
467177,Dactylis glomerata subsp. lobata (Drejer) H. Lindb.,no,NE
444499,Dactylis glomerata subsp. lusitanica Stebbins & D. Zohary,no,NE
542810,Dactylis glomerata subsp. merinoana (Horjales & al.) H. Scholz,no,NE
467178,Dactylis glomerata subsp. oceanica G. Guignard,no,NE
444501,Dactylis glomerata subsp. reichenbachii (Dalla Torre & Sarnth.) Stebbins & D. Zohary,no,NE
444489,Dactylis glomerata subsp. rigida (Boiss. & Heldr.) Hayek,no,NE
467180,Dactylis glomerata subsp. slovenica (Domin) Domin,no,NE
542812,Dactylis glomerata subsp. stebbinsii (Horjales & al.) H. Scholz,no,NE
344057,Daucus carota L.,Yes,yes
345109,Daucus carota subsp. azoricus Franco,no,NE
542933,Daucus carota subsp. cantabricus A. Pujadas,no,NE
345106,Daucus carota L. subsp. carota,no,NE
542935,Daucus carota subsp. commutatus (Paol.) Thell.,no,NE
345113,Daucus carota subsp. drepanensis (Lojac.) Heywood,no,NE
345118,Daucus carota subsp. gadecaei (Rouy & E. G. Camus) Heywood,no,NE
345120,Daucus carota subsp. gummifer (Syme) Hook. f.,no,NE
542936,Daucus carota subsp. halophilus (Brot.) A. Pujadas,no,NE
345124,Daucus carota subsp. hispanicus (Gouan) Thell.,no,NE
345133,Daucus carota subsp. hispidus (Ball) Heywood,no,NE
345139,Daucus carota subsp. major (Vis.) Arcang.,no,NE
542934,Daucus carota subsp. majoricus A. Pujadas,no,NE
345144,Daucus carota subsp. maximus (Desf.) Ball,no,NE
345148,Daucus carota subsp. rupestris (Guss.) Heywood,no,NE
345151,Daucus carota subsp. sativus (Hoffm.) Arcang.,no,NE
344067,Daucus gracilis Steinh.,Yes,no
344078,Daucus sahariensis Murb.,Yes,no
292492,Diplotaxis erucoides (L.) DC.,Yes,yes
296188,Diplotaxis erucoides (L.) DC. subsp. erucoides,no,NE
293016,Diplotaxis muralis (L.) DC.,Yes,yes
294891,Diplotaxis siettiana Maire,Yes,yes
292500,Diplotaxis siifolia Kunze,Yes,yes
296078,Diplotaxis siifolia Kunze subsp. siifolia,no,NE
296220,Diplotaxis siifolia subsp. vicentina (Samp.) Mart.-Laborde,no,NE
294167,Diplotaxis tenuifolia (L.) DC.,Yes,yes
466348,Echinochloa crus-galli (L.) P. Beauv.,Yes,yes
466349,Echinochloa crus-galli (L.) P. Beauv. subsp. crus-galli,no,NE
444673,Echinochloa crus-galli subsp. hispidula (Retz.) Honda,no,NE
466352,Echinochloa crus-galli subsp. spiralis (Vasinger) Tzvelev,no,NE
444678,Echinochloa oryzicola (Vasinger) Vasinger,Yes,no
466153,Eleusine coracana (L.) Gaertn.,Yes,no
444702,Eleusine tristachya (Lam.) Lam.,Yes,no
442445,Elymus dahuricus Turcz. ex Griseb.,Yes,no
444752,Elymus trachycaulus (Link) Shinners,Yes,yes
445652,Elymus trachycaulus subsp. novae-angliae (Scribn.) Tzvelev,no,NE
466730,Elymus trachycaulus subsp. stefanssonii (Melderis) �. L�ve & D. L�ve,no,NE
444761,Elymus trachycaulus (Link) Shinners subsp. trachycaulus,no,NE
466755,Elytrigia bessarabica (Săvul. & Rayss) Prokudin,Yes,yes
444794,Elytrigia curvifolia (Lange) Holub,Yes,yes
444797,Elytrigia elongata (Host) Nevski,Yes,yes
445681,Elytrigia elongata (Host) Nevski subsp. elongata,no,NE
466792,Elytrigia elongata subsp. haifensis (Rech. f.) Vald�s & H. Scholz,no,NE
466797,Elytrigia elongata subsp. salsa (Melderis) Vald�s & H. Scholz,no,NE
466798,Elytrigia elongata subsp. turcica (McGuire) Vald�s & H. Scholz,no,NE
444827,Elytrigia intermedia (Host) Nevski,Yes,yes
445698,Elytrigia intermedia (Host) Nevski subsp. intermedia,no,NE
466820,Elytrigia intermedia subsp. mucronata (Bercht.) Vald�s & H. Scholz,no,NE
466823,Elytrigia intermedia subsp. podperae (N�b?lek) �. L�ve,no,NE
466826,Elytrigia intermedia subsp. pouzolzii (Godr.) �. L�ve,no,NE
445722,Elytrigia intermedia subsp. pulcherrima (Grossh.) Tzvelev,no,NE
466816,Elytrigia intermedia subsp. trichophora (Link) �. L�ve & D. L�ve,no,NE
466831,Elytrigia intermedia subsp. varnensis (Velen.) Vald�s & H. Scholz,no,NE
443186,Elytrigia juncea (L.) Nevski,Yes,yes
466838,Elytrigia juncea subsp. boreoatlantica (Simonet & Guin.) Hyl.,no,NE
444853,Elytrigia obtusiflora (DC.) Tzvelev,Yes,yes
466880,Elytrigia scirpea (C. Presl) Holub,Yes,yes
466206,Eragrostis pilosa (L.) P. Beauv.,Yes,yes
466217,Eragrostis tef (Zuccagni) Trotter,Yes,no
293621,Eruca vesicaria (L.) Cav.,Yes,yes
295081,Erucastrum canariense Webb & Berthel.,Yes,yes
292526,Erucastrum gallicum (Willd.) O. E. Schulz,Yes,yes
445164,Festuca heterophylla Lam.,Yes,yes
445263,Festuca ovina L.,Yes,yes
467428,Festuca ovina subsp. firmulacea (Markgr.-Dann.) Prob.,no,NE
467431,Festuca ovina subsp. guestfalica (Rchb.) K. Richt.,no,NE
467433,Festuca ovina subsp. hirtula (Travis) M. J. Wilk.,no,NE
467437,Festuca ovina subsp. molinieri (Litard.) Foggi & J. M�ll.,no,NE
467439,Festuca ovina subsp. ophioliticola (Kergu�len) M. Wilk.,no,NE
445937,Festuca ovina L. subsp. ovina,no,NE
467440,Festuca ovina subsp. ruprechtii (Boiss.) Tzvelev,no,NE
467443,Festuca ovina subsp. supina (Schur) Oborn�,no,NE
445360,Festuca rubra L.,Yes,yes
467514,Festuca rubra subsp. juncea (Hack.) K. Richt.,no,NE
467515,Festuca rubra subsp. litoralis (G. Mey.) Auquier,no,NE
445993,Festuca rubra subsp. pruinosa (Hack.) Piper,no,NE
445982,Festuca rubra L. subsp. rubra,no,NE
445995,Festuca rubra subsp. scotica Al-Bermani,no,NE
445996,Festuca rubra subsp. thessalica Markgr.-Dann.,no,NE
451977,Ficus carica L.,Yes,yes
452006,Ficus carica subsp. rupestris (Boiss.) Browicz,no,NE
471023,Fragaria chiloensis (L.) Weston,Yes,no
471031,Fragaria moschata Weston,Yes,yes
453995,Fragaria vesca L.,Yes,yes
454896,Fragaria virginiana Mill.,Yes,no
471082,Fragaria viridis Weston,Yes,yes
471106,Fragaria viridis subsp. campestris (Steven) Paw?.,no,NE
471108,Fragaria viridis Weston subsp. viridis,no,NE
538324,Galega orientalis Lam.,Yes,yes
536938,Hedysarum coronarium L.,Yes,yes
417215,Helianthus annuus L.,Yes,no
417218,Helianthus debilis Nutt.,Yes,no
417219,Helianthus decapetalus L.,Yes,no
417220,Helianthus giganteus L.,Yes,no
417221,Helianthus pauciflorus Nutt.,Yes,no
417223,Helianthus petiolaris Nutt.,Yes,no
417226,Helianthus strumosus L.,Yes,no
446403,Hordeum brevisubulatum (Trin.) Link,Yes,yes
466942,Hordeum brevisubulatum (Trin.) Link subsp. brevisubulatum,no,NE
534254,Hordeum brevisubulatum subsp. nevskianum (Bowden) Tzvelev,no,NE
466946,Hordeum brevisubulatum subsp. turkestanicum (Nevski) Tzvelev,no,NE
466949,Hordeum brevisubulatum subsp. violaceum (Boiss. & Hohen.) Tzvelev,no,NE
446405,Hordeum bulbosum L.,Yes,yes
466954,Hordeum bulbosum L. subsp. bulbosum,no,NE
466955,Hordeum bulbosum subsp. nodosum (L.) B. R. Baum,no,NE
446414,Hordeum jubatum L.,Yes,no
446417,Hordeum marinum Huds.,Yes,yes
446426,Hordeum vulgare L.,Yes,yes
535880,Hordeum vulgare subsp. aegiceras (Nees ex Royle) �. L�ve,no,NE
466970,Hordeum vulgare subsp. agriocrithon (�berg) �. L�ve & D. L�ve,no,NE
447445,Hordeum vulgare subsp. distichon (L.) K�rn.,no,NE
466972,Hordeum vulgare subsp. spontaneum (K. Koch) Thell.,no,NE
450211,Humulus lupulus L.,Yes,yes
451860,Juglans ailantifolia Carrière,Yes,no
451854,Juglans cinerea L.,Yes,no
451862,Juglans mandshurica Maxim.,Yes,no
451855,Juglans nigra L.,Yes,no
451856,Juglans regia L.,Yes,yes
420003,Lactuca aculeata Boiss. & Kotschy,Yes,no
420006,Lactuca alpestris (Gand.) Rech. f.,Yes,yes
420038,Lactuca cyprica (Rech. f.) N. Kilian & Greuter,Yes,yes
420049,Lactuca georgica Grossh.,Yes,yes
420143,Lactuca saligna L.,Yes,yes
420156,Lactuca scarioloides Boiss.,Yes,no
420157,Lactuca serriola L.,Yes,yes
420169,Lactuca singularis Wilmott,Yes,yes
420184,Lactuca tetrantha B. L. Burtt & P. H. Davis,Yes,yes
420214,Lactuca virosa L.,Yes,yes
420218,Lactuca virosa subsp. livida (Boiss. & Reut.) Ladero & A. Velasco,no,NE
420220,Lactuca watsoniana Trel.,Yes,yes
537565,Lathyrus amphicarpos L.,Yes,yes
537568,Lathyrus annuus L.,Yes,yes
540055,Lathyrus blepharicarpus Boiss.,Yes,yes
540613,Lathyrus cassius Boiss.,Yes,no
540614,Lathyrus chloranthus Boiss.,Yes,no
537571,Lathyrus cicera L.,Yes,yes
539248,Lathyrus cirrhosus Ser.,Yes,yes
537572,Lathyrus clymenum L.,Yes,yes
540073,Lathyrus gorgoni Parl.,Yes,yes
539250,Lathyrus grandiflorus Sibth. & Sm.,Yes,yes
539252,Lathyrus heterophyllus L.,Yes,yes
537579,Lathyrus hierosolymitanus Boiss.,Yes,yes
537580,Lathyrus hirsutus L.,Yes,yes
537582,Lathyrus latifolius L.,Yes,yes
539006,Lathyrus latifolius L. var. latifolius,no,NE
537591,Lathyrus ochrus (L.) DC.,Yes,yes
537592,Lathyrus odoratus L.,Yes,yes
539263,Lathyrus rotundifolius Willd.,Yes,yes
537596,Lathyrus sativus L.,Yes,yes
539264,Lathyrus stenophyllus Boiss. & Heldr.,Yes,no
539265,Lathyrus sylvestris L.,Yes,yes
537600,Lathyrus tingitanus L.,Yes,yes
539267,Lathyrus tuberosus L.,Yes,yes
539268,Lathyrus undulatus Boiss.,Yes,yes
539686,Lens culinaris subsp. odemensis (Ladiz.) M. E. Ferguson & al.,no,NE
539682,Lens culinaris subsp. orientalis (Boiss.) Ponert,no,yes
537605,Lens ervoides (Brign.) Grande,Yes,yes
539692,Lens lamottei Czefr.,Yes,yes?
537607,Lens nigricans (M. Bieb.) Godr.,Yes,yes
295395,Lepidium meyeri subsp. turczaninowii (Lipsky) Schmalh.,no,yes
292854,Lepidium sativum L.,Yes,yes
296242,Lepidium sativum L. subsp. sativum,no,NE
534238,Leymus angustus (Trin.) Pilg.,Yes,yes
445516,Leymus arenarius (L.) Hochst.,Yes,yes
466977,Leymus mollis (Trin.) H. Hara,Yes,no
446621,Leymus racemosus (Lam.) Tzvelev,Yes,yes
447478,Leymus racemosus subsp. klokovii Tzvelev,no,NE
447477,Leymus racemosus (Lam.) Tzvelev subsp. racemosus,no,NE
466978,Leymus racemosus subsp. sabulosus (M. Bieb.) Tzvelev,no,NE
321368,Linum bienne Mill.,Yes,yes
321386,Linum corymbiferum Desf.,Yes,no
321390,Linum decumbens Desf.,Yes,yes
321404,Linum hirsutum L.,Yes,yes
321552,Linum hirsutum subsp. anatolicum (Boiss.) Hayek,no,NE
553704,Linum hirsutum subsp. bozdaghense Y?lmaz & Kaynak,no,NE
321554,Linum hirsutum subsp. byzantinum Azn.,no,NE
321632,Linum hirsutum subsp. glabrescens (Rochel) So�,no,NE
321549,Linum hirsutum L. subsp. hirsutum,no,NE
321555,Linum hirsutum subsp. oreocaricum P. H. Davis,no,NE
553705,Linum hirsutum subsp. platyphyllum (P. H. Davis) Y?lmaz & Kaynak,no,NE
321556,Linum hirsutum subsp. pseudoanatolicum P. H. Davis,no,NE
321557,Linum hirsutum subsp. spathulatum (Hal�csy & Bald.) Hayek,no,NE
321426,Linum nervosum Waldst. & Kit.,Yes,yes
553711,Linum nervosum subsp. jailicola (Juz.) T. V. Egorova,no,NE
446644,Lolium multiflorum Lam.,Yes,yes
446649,Lolium perenne L.,Yes,yes
545993,Lolium perenne L. subsp. perenne,no,NE
446655,Lolium rigidum Gaudin,Yes,yes
447486,Lolium rigidum subsp. lepturoides Sennen & Mauricio,no,NE
447485,Lolium rigidum Gaudin subsp. rigidum,no,NE
446658,Lolium temulentum L.,Yes,yes
537368,Lotus corniculatus L.,Yes,yes
540574,Lotus corniculatus subsp. frondosus Freyn,no,NE
537401,Lotus pedunculatus Cav.,Yes,yes
537414,Lotus subbiflorus Lag.,Yes,yes
538117,Lupinus albus L.,Yes,yes
538118,Lupinus albus L. subsp. albus,no,NE
539544,Lupinus albus subsp. graecus (Boiss. & Spruner) Franco & P. Silva,no,NE
538119,Lupinus angustifolius L.,Yes,yes
539545,Lupinus angustifolius L. subsp. angustifolius,no,NE
538120,Lupinus angustifolius subsp. reticulatus (Desv.) Arcang.,no,NE
538122,Lupinus cosentinii Guss.,Yes,yes
537180,Lupinus hispanicus Boiss. & Reut.,Yes,yes
540191,Lupinus hispanicus var. bicolor (Merino) Gladst.,no,NE
538126,Lupinus luteus L.,Yes,yes
538127,Lupinus micranthus Guss.,Yes,yes
539935,Lupinus pilosus L.,Yes,yes
469802,Malus crescimannoi Raimondo,Yes,yes
453080,Malus pumila Mill.,Yes,yes?
469835,Malus sylvestris (L.) Mill.,Yes,yes
469840,Malus sylvestris subsp. orientalis (Uglitzk.) Browicz,no,NE
469844,Malus sylvestris subsp. praecox (Pall.) So�,no,NE
469846,Malus sylvestris (L.) Mill. subsp. sylvestris,no,NE
538067,Medicago arborea L.,Yes,yes
539286,Medicago cancellata M. Bieb.,Yes,yes
541145,Medicago constricta Durieu,Yes,yes
539287,Medicago cretacea M. Bieb.,Yes,yes
538070,Medicago doliata Carmign.,Yes,yes
538071,Medicago falcata L.,Yes,yes
536482,Medicago fischeriana (Ser.) Trautv.,Yes,yes
538074,Medicago glomerata Balb.,Yes,yes
541162,Medicago heyniana Greuter,Yes,yes
538076,Medicago hypogaea E. Small,Yes,yes
538089,Medicago littoralis Loisel.,Yes,yes
538092,Medicago lupulina L.,Yes,yes
537014,Medicago lupulina var. cupaniana (Guss.) Boiss.,no,NE
538093,Medicago marina L.,Yes,yes
538095,Medicago murex Willd.,Yes,yes
540056,Medicago papillosa Boiss.,Yes,no
539289,Medicago pironae Vis.,Yes,yes
538097,Medicago polymorpha L.,Yes,yes
539291,Medicago prostrata Jacq.,Yes,yes
538101,Medicago rigidula (L.) All.,Yes,yes
538103,Medicago rugosa Desr.,Yes,yes
539292,Medicago rupestris M. Bieb.,Yes,yes
538104,Medicago sativa L.,Yes,yes
538106,Medicago sativa subsp. microcarpa Urb.,no,NE
538105,Medicago sativa L. subsp. sativa,no,NE
540468,Medicago sativa nothosubsp. varia (Martyn) Arcang.,no,NE
538108,Medicago scutellata (L.) Mill.,Yes,yes
538110,Medicago soleirolii Duby,Yes,yes?
541223,Medicago strasseri Greuter & al.,Yes,yes
538085,Medicago tornata subsp. helix (Willd.) Ooststr. & Reichg.,no,NE
538112,Medicago truncatula Gaertn.,Yes,yes
538115,Medicago turbinata (L.) All.,Yes,yes
537693,Melilotus albus Medik.,Yes,yes
539296,Melilotus officinalis (L.) Lam.,Yes,yes
502437,Mentha suaveolens Ehrh.,Yes,yes
512280,Mentha suaveolens subsp. insularis (Req. ex Gren. & Godr.) Greuter,no,NE
509774,Mentha suaveolens Ehrh. subsp. suaveolens,no,NE
292887,Moricandia arvensis (L.) DC.,Yes,yes
509051,Myrtus communis L.,Yes,yes
515034,Myrtus communis L. subsp. communis,no,NE
533486,Myrtus communis subsp. tarentina (L.) Nyman,no,NE
467661,Ochlopoa annua (L.) H. Scholz,Yes,yes
467662,Ochlopoa annua (L.) H. Scholz subsp. annua,no,NE
467663,Ochlopoa annua subsp. notabilis (Chrtek & V. Jir�sek) H. Scholz & Vald�s,no,NE
467665,Ochlopoa annua subsp. pilantha (Ronniger) H. Scholz & Vald�s,no,NE
467666,Ochlopoa annua subsp. raniglumis (E. Fr�hner) H. Scholz & Vald�s,no,NE
524538,Olea europaea subsp. cerasiformis G. Kunkel & Sunding,no,yes
529724,Olea europaea L. subsp. europaea,no,YES
521552,Olea europaea subsp. guanchica P. Vargas & al.,no,YES
536964,Onobrychis viciifolia Scop.,Yes,yes
537244,Ornithopus compressus L.,Yes,yes
537251,Ornithopus sativus Brot.,Yes,yes
537247,Ornithopus sativus subsp. isthmocarpus (Coss.) Dost�l,no,NE
466298,Oryza rufipogon Griff.,Yes,no
466417,Panicum miliaceum subsp. agricolum H. Scholz & Mikol�,no,NE
447546,Panicum miliaceum subsp. ruderale (Kitag.) Tzvelev,no,NE
346670,Papaver somniferum L.,Yes,yes
545017,Patellifolia procumbens (C. Sm.) A. J. Scott & al.,Yes,yes
446930,Phalaris aquatica L.,Yes,yes
446940,Phalaris canariensis L.,Yes,yes
446949,Phalaroides arundinacea (L.) Rauschert,Yes,yes
447552,Phalaroides arundinacea (L.) Rauschert subsp. arundinacea,no,NE
465782,Phalaroides arundinacea subsp. oehleri (Pilg.) Vald�s & H. Scholz,no,NE
465789,Phalaroides arundinacea subsp. rotgesii (Husn.) Vald�s & H. Scholz,no,NE
446971,Phleum nodosum L.,Yes,yes
446988,Phleum pratense L.,Yes,yes
447573,Phleum pratense subsp. brachystachyum (Salis) Gamisans,no,NE
447572,Phleum pratense L. subsp. pratense,no,NE
508769,Phoenix canariensis Chabaud,Yes,yes
497158,Phoenix dactylifera L.,Yes,yes
506454,Phoenix theophrasti Greuter,Yes,yes
435041,Pistacia atlantica Desf.,Yes,yes
435077,Pistacia atlantica subsp. cypricola H. Lindb.,no,NE
435069,Pistacia atlantica subsp. mutica (Fisch. & C. A. Mey.) Rech. f.,no,NE
435072,Pistacia eurycarpa Yalt.,Yes,no
435074,Pistacia khinjuk Stocks,Yes,no
435042,Pistacia lentiscus L.,Yes,yes
435045,Pistacia terebinthus L.,Yes,yes
435075,Pistacia terebinthus subsp. palaestina (Boiss.) Engl.,no,NE
435063,Pistacia terebinthus L. subsp. terebinthus,no,NE
540139,Pisum fulvum Sm.,Yes,no
537615,Pisum sativum subsp. elatius (M. Bieb.) Asch. & Graebn.,no,NE
537611,Pisum sativum L. subsp. sativum,no,NE
305220,Plantago lanceolata L.,Yes,yes
447069,Poa alpina L.,Yes,yes
447710,Poa alpina L. subsp. alpina,no,NE
447601,Poa alpina subsp. brevifolia Gaudin,no,NE
445521,Poa palustris L.,Yes,yes
447640,Poa palustris L. subsp. palustris,no,NE
467753,Poa palustris subsp. volhynensis (Klokov) Tzvelev,no,NE
447191,Poa pratensis L.,Yes,yes
467767,Poa pratensis subsp. colpodea (Th. Fr.) Tzvelev,no,NE
467771,Poa pratensis subsp. dolichophylla (Hack.) Portal,no,NE
467773,Poa pratensis subsp. irrigata (Lindm.) H. Lindb.,no,NE
467776,Poa pratensis subsp. jordanii Portal,no,NE
447718,Poa pratensis L. subsp. pratensis,no,NE
447653,Poa pratensis subsp. rigens (Hartm.) Tzvelev,no,NE
447656,Poa pratensis subsp. turfosa (Litv.) Vorosch.,no,NE
447227,Poa trivialis L.,Yes,yes
467800,Poa trivialis subsp. latifolia (Schur) Portal,no,NE
467802,Poa trivialis subsp. semineutra (Willd.) Portal,no,NE
467804,Poa trivialis subsp. sylvicola (Guss.) H. Lindb.,no,NE
447659,Poa trivialis L. subsp. trivialis,no,NE
469867,Prunus arabica (Olivier) Meikle,Yes,no
469870,Prunus argentea (Lam.) Rehder,Yes,no
453951,Prunus armeniaca L.,Yes,no
469874,Prunus avium (L.) L.,Yes,yes
453061,Prunus brigantina Vill.,Yes,yes
469900,Prunus carduchorum (Bornm.) Meikle,Yes,no
453064,Prunus cerasifera Ehrh.,Yes,Yes
469918,Prunus discolor (Spach) C. K. Schneid.,Yes,no
469930,Prunus dulcis (Mill.) D. A. Webb,Yes,no
456048,Prunus fenzliana R. M. Fritsch,Yes,no
453663,Prunus fruticosa Pall.,Yes,yes
469943,Prunus incana (Pall.) Steven,Yes,yes
469947,Prunus kotschyi (Spach) N�b.,Yes,no
453313,Prunus lusitanica L.,Yes,yes
453957,Prunus lusitanica subsp. azorica (Mouill.) Franco,no,NE
454728,Prunus lusitanica subsp. hixa (Willd.) Franco,no,NE
454188,Prunus lusitanica L. subsp. lusitanica,no,NE
469967,Prunus lycioides (Spach) C. K. Schneid.,Yes,no
453015,Prunus mahaleb L.,Yes,yes
469972,Prunus microcarpa C. A. Mey.,Yes,no
453665,Prunus padus L.,Yes,yes
469989,Prunus padus subsp. borealis (A. Blytt) Nyman,no,NE
453958,Prunus padus L. subsp. padus,no,NE
453280,Prunus persica (L.) Batsch,Yes,yes?
453018,Prunus prostrata Labill.,Yes,yes
453668,Prunus ramburii Boiss.,Yes,yes
452622,Prunus spinosa L.,Yes,yes
455702,Prunus spinosa subsp. dasyphylla (Schur) Domin,no,NE
455668,Prunus spinosa L. subsp. spinosa,no,NE
456390,Prunus tomentosa Thunb.,Yes,no
470025,Prunus trichamygdalus Hand.-Mazz.,Yes,no
453672,Prunus webbii (Spach) Vierh.,Yes,yes
453464,Pyrus bourgaeana Decne.,Yes,yes
453021,Pyrus communis L.,Yes,yes
456199,Pyrus communis subsp. caucasica (Fed.) Browicz,no,NE
452626,Pyrus communis L. subsp. communis,no,NE
470059,Pyrus communis subsp. pyraster (L.) Ehrh.,no,NE
452627,Pyrus cordata Desv.,Yes,yes
454194,Pyrus elaeagrifolia Pall.,Yes,yes
470073,Pyrus elaeagrifolia subsp. bulgarica (Kuth. & Sachok.) Valev,no,NE
456266,Pyrus elaeagrifolia Pall. subsp. elaeagrifolia,no,NE
470075,Pyrus elaeagrifolia subsp. kotschyana (Decne.) Browicz,no,NE
453619,Pyrus magyarica Terpó,Yes,yes
454466,Pyrus nivalis Jacq.,Yes,yes
452628,Pyrus salicifolia Pall.,Yes,yes
455787,Pyrus spinosa Forssk.,Yes,yes
452629,Pyrus syriaca Boiss.,Yes,yes
292902,Raphanus raphanistrum L.,Yes,yes
291878,Raphanus raphanistrum subsp. landra (Moretti ex DC.) Bonnier & Layens,no,NE
292404,Raphanus raphanistrum L. subsp. raphanistrum,no,NE
291889,Raphanus raphanistrum subsp. rostratus (DC.) Thell.,no,NE
292406,Raphanus sativus L.,Yes,NO
434781,Ribes aureum Pursh,Yes,yes
434816,Ribes divaricatum Douglas,yes,no
434782,Ribes multiflorum Roem. & Schult.,Yes,yes
434819,Ribes multiflorum Roem. & Schult. subsp. multiflorum,no,NE
434820,Ribes multiflorum subsp. sandalioticum Arrigoni,no,NE
434783,Ribes nigrum L.,Yes,yes
434785,Ribes petraeum Wulfen,Yes,yes
434787,Ribes rubrum L.,Yes,yes
434794,Ribes sanguineum Pursh,Yes,yes
434796,Ribes spicatum E. Robson,Yes,yes
434823,Ribes spicatum subsp. hispidulum (Jancz.) H�met-Ahti,no,NE
434821,Ribes spicatum subsp. lapponicum Hyl.,no,NE
434828,Ribes spicatum E. Robson subsp. spicatum,no,NE
434802,Ribes uva-crispa L.,Yes,yes
294363,Rorippa prolifera (Heuff.) Neilr.,Yes,yes
295448,Rorippa valdes-bermejoi (Castrov.) Mart.-Laborde & Castrov.,Yes,yes
474892,Rubus cockburnianus Hemsl.,Yes,no
452970,Rubus idaeus L.,Yes,yes
453875,Rubus idaeus L. subsp. idaeus,no,NE
475261,Rubus idaeus subsp. melanolasius Focke,no,NE
453876,Rubus illecebrosus Focke,Yes,no
475575,Rubus occidentalis L.,Yes,no
454386,Rubus odoratus L.,Yes,no
453869,Rubus phoenicolasius Maxim.,Yes,no
453242,Rubus saxatilis L.,Yes,yes
454090,Rubus spectabilis Pursh,Yes,no
447906,Saccharum spontaneum L.,Yes,yes
448636,Saccharum spontaneum subsp. aegyptiacum (Willd.) Hack.,no,NE
450691,Salsola vermiculata L.,Yes,yes
467928,Schedonorus arundinaceus (Schreb.) Dumort.,Yes,yes
448638,Schedonorus arundinaceus (Schreb.) Dumont subsp. arundinaceus,no,NE
467932,Schedonorus arundinaceus subsp. atlantigenus (St.-Yves) H. Scholz,no,NE
467933,Schedonorus arundinaceus subsp. cirtensis (St.-Yves) H. Scholz & Vald�s,no,NE
467936,Schedonorus arundinaceus subsp. corsicus (Hack.) Foggi & Signorini,no,NE
467938,Schedonorus arundinaceus subsp. fenas (Lag.) H. Scholz,no,NE
467940,Schedonorus arundinaceus subsp. mediterraneus (Hack.) H. Scholz & Vald�s,no,NE
467943,Schedonorus arundinaceus subsp. orientalis (Hack.) H. Scholz & Vald�s,no,NE
467950,Schedonorus giganteus (L.) Holub,Yes,yes
467954,Schedonorus pratensis (Huds.) P. Beauv.,Yes,yes
467956,Schedonorus pratensis subsp. apenninus (De Not.) H. Scholz & Vald�s,no,NE
467955,Schedonorus pratensis (Huds.) P. Beauv. subsp. pratensis,no,NE
447940,Secale cereale L.,Yes,yes
466997,Secale cereale subsp. ancestrale Zhuk.,no,yes
466996,Secale cereale L. subsp. cereale,no,NO
467004,Secale strictum (C. Presl) C. Presl,Yes,yes
467009,Secale strictum subsp. anatolicum (Boiss.) Hammer,no,NE
467010,Secale strictum subsp. balcanum (Ganchev) Vald�s & H. Scholz,no,NE
467011,Secale strictum subsp. ciliatoglume (Boiss.) Hammer,no,NE
467008,Secale strictum (C. Presl) C. Presl subsp. strictum,no,NE
447948,Secale sylvestre Host,Yes,yes
447951,Secale vavilovii Grossh.,Yes,no
540207,Securigera varia (L.) Lassen,yes,yes
466469,Setaria italica (L.) P. Beauv.,Yes,yes
466471,Setaria italica (L.) P. Beauv. subsp. italica,no,NE
466472,Setaria italica subsp. moharia (Alef.) R. A. W. Herrm.,no,NE
466477,Setaria italica subsp. pycnocoma (Steud.) De Wet,no,NE
295115,Sinapidendron angustifolium (DC.) Lowe,Yes,yes
295118,Sinapidendron frutescens Lowe,Yes,yes
295159,Sinapidendron frutescens (Sol.) Lowe var. frutescens,no,NE
295145,Sinapidendron frutescens subsp. succulentum (Lowe) Rustan,no,NE
295122,Sinapidendron gymnocalyx (Lowe) Rustan,Yes,yes
295124,Sinapidendron rupestre Lowe,Yes,yes
295125,Sinapidendron sempervivifolium Menezes,Yes,yes
292781,Sinapis alba L.,Yes,yes
294375,Sinapis alba L. subsp. alba,no,NE
294377,Sinapis alba subsp. dissecta (Lag.) Simonk.,no,NE
295411,Sinapis alba subsp. mairei (H. Lindb.) Maire,no,NE
292782,Sinapis arvensis L.,Yes,yes
295413,Sinapis arvensis L. subsp. arvensis,no,NE
292313,Sinapis arvensis var. orientalis (L.) W. D. J. Koch & Ziz,no,NE
294380,Sinapis flexuosa Poir.,Yes,yes
449434,Solanum lidii Sunding,Yes,yes
449435,Solanum linnaeanum Hepper & P.-M. L. Jaeger,Yes,no
449436,Solanum marginatum L. f.,Yes,no
449469,Solanum sisymbrifolium Lam.,Yes,no
449474,Solanum torvum Sw.,Yes,no
448054,Sorghum bicolor (L.) Moench,Yes,no
448068,Sorghum halepense (L.) Pers.,Yes,yes
537811,Trifolium alexandrinum L.,Yes,no
539361,Trifolium alpestre L.,Yes,yes
539009,Trifolium alpestre L. var. alpestre,no,NE
539010,Trifolium alpestre var. durmitoreum Rohlena,no,NE
539363,Trifolium ambiguum M. Bieb.,Yes,yes
537812,Trifolium angustifolium L.,Yes,yes
537813,Trifolium argutum Banks & Sol.,Yes,yes
537815,Trifolium arvense L.,Yes,yes
537831,Trifolium fragiferum L.,Yes,yes
539576,Trifolium fragiferum subsp. bonannii (C. Presl) Soj�k,no,NE
539575,Trifolium fragiferum L. subsp. fragiferum,no,NE
537835,Trifolium hirtum All.,Yes,yes
537836,Trifolium hybridum L.,Yes,yes
539578,Trifolium hybridum subsp. anatolicum (Boiss.) M. Hossain,no,NE
539579,Trifolium hybridum subsp. elegans (Savi) Asch. & Graebn.,no,NE
539577,Trifolium hybridum L. subsp. hybridum,no,NE
537837,Trifolium incarnatum L.,Yes,yes
539580,Trifolium incarnatum L. subsp. incarnatum,no,NE
539581,Trifolium incarnatum subsp. molinerii (Hornem.) Syme,no,NE
537842,Trifolium isthmocarpum Brot.,Yes,yes
539582,Trifolium isthmocarpum Brot. subsp. isthmocarpum,no,NE
539583,Trifolium isthmocarpum subsp. jaminianum (Boiss.) Murb.,no,NE
537849,Trifolium michelianum Savi,Yes,yes
536369,Trifolium michelianum var. balansae (Boiss.) Azn.,no,NE
536368,Trifolium michelianum Savi var. michelianum,no,NE
537865,Trifolium pratense L.,Yes,yes
539013,Trifolium pratense var. americanum Harz,no,NE
539014,Trifolium pratense var. frigidum Gaudin,no,NE
539015,Trifolium pratense var. maritimum Zabel,no,NE
539012,Trifolium pratense L. var. pratense,no,NE
536366,Trifolium pratense var. sativum Schreb.,no,NE
537869,Trifolium repens L.,Yes,yes
539624,Trifolium repens var. biasolettii (Steud. & Hochst.) Asch. & Graebn.,no,NE
539623,Trifolium repens var. macrorrhizum Boiss.,no,NE
539625,Trifolium repens var. nevadense (Boiss.) C. Vicioso,no,NE
536388,Trifolium repens var. ochranthum K. Mal�,no,NE
539620,Trifolium repens var. orbelicum (Velen.) R. M. Fritsch,no,NE
539621,Trifolium repens var. orphanideum (Boiss.) Boiss.,no,NE
539596,Trifolium repens subsp. prostratum Nyman,no,NE
539622,Trifolium repens L. var. repens,no,NE
537870,Trifolium resupinatum L.,Yes,yes
539017,Trifolium resupinatum var. majus Boiss.,no,NE
539016,Trifolium resupinatum L. var. resupinatum,no,NE
537877,Trifolium squarrosum L.,Yes,yes
537882,Trifolium subterraneum L.,Yes,yes
549483,Trifolium subterraneum subsp. oxaloides Nyman,no,NE
540479,Trifolium subterraneum subsp. yanninicum Katzn. & F. H. W. Morley,no,NE
539426,Trifolium vesiculosum Savi,Yes,yes
537798,Trigonella foenum-graecum L.,Yes,no
468734,Trisetum flavescens (L.) P. Beauv.,Yes,yes
468738,Trisetum flavescens subsp. baregense (Laffitte & Mi�gev.) O. Bol�s & al.,no,NE
448786,Trisetum flavescens subsp. corsicum (Rouy) Cif. & Giacom.,no,NE
468737,Trisetum flavescens (L.) P. Beauv. subsp. flavescens,no,NE
448788,Trisetum flavescens subsp. purpurascens (DC.) Arcang.,no,NE
448792,Trisetum flavescens subsp. serbicum (Velen.) Hayek,no,NE
468742,Trisetum flavescens subsp. splendens (C. Presl) Arcang.,no,NE
448795,Trisetum flavescens subsp. tenue (Form�nek) Strid,no,NE
448441,Triticum monococcum L.,Yes,yes
467032,Triticum monococcum subsp. aegilopoides (Link) Thell.,no,NE
467038,Triticum monococcum subsp. sinskajae (A. A. Filatenko & U. K. Kurkiev) Vald�s & H. Scholz,no,NE
467041,Triticum timopheevii (Zhuk.) Zhuk.,Yes,no
467046,Triticum timopheevii subsp. armeniacum (Jakubz.) Mackey,no,NE
448448,Triticum turgidum L.,Yes,yes
545323,Triticum turgidum subsp. asiaticum (Vavilov) H. Scholz,no,NE
467057,Triticum turgidum subsp. dicoccoides (Asch. & Graebn.) Thell.,no,NE
467082,Triticum turgidum subsp. subspontaneum (Tzvelev) Vald�s & H. Scholz,no,NE
534228,Triticum turgidum subsp. volgense (Flaksb.) � L�ve & D. L�ve,no,NE
437454,Vaccinium corymbosum L.,Yes,no
437461,Vaccinium macrocarpon Aiton,Yes,no
437468,Vaccinium oxycoccos L.,Yes,yes
540531,Vicia anatolica Turrill,Yes,yes
537619,Vicia articulata Hornem.,Yes,yes
539451,Vicia barbazitae Ten. & Guss.,Yes,yes
537620,Vicia benghalensis L.,Yes,yes
537622,Vicia bithynica (L.) L.,Yes,yes
540483,Vicia capreolata Lowe,Yes,yes
540535,Vicia ciliatula Lipsky,Yes,Yes
540484,Vicia costae A. Hansen,Yes,yes
539457,Vicia cuspidata Boiss.,Yes,yes
540098,Vicia eristalioides Maxted,Yes,no
537627,Vicia ervilia (L.) Willd.,Yes,yes
540485,Vicia ferreirensis Goyder,Yes,yes
539460,Vicia grandiflora Scop.,Yes,yes
540533,Vicia grandiflora Scop. var. grandiflora,no,NE
537632,Vicia hirsuta (L.) Gray,Yes,yes
537633,Vicia hybrida L.,Yes,yes
540064,Vicia hyrcanica Fisch. & C. A. Mey.,Yes,no
540147,Vicia johannis Tamamsch.,Yes,yes
540095,Vicia johannis Tamamsch. var. johannis,no,NE
540539,Vicia johannis var. procumbens H. I. Schafer,no,NE
537634,Vicia lathyroides L.,Yes,yes
537640,Vicia lutea L.,Yes,yes
539608,Vicia lutea L. subsp. lutea,no,NE
539609,Vicia lutea subsp. vestita (Boiss.) Rouy,no,NE
539462,Vicia melanops Sibth. & Sm.,Yes,yes
540540,Vicia melanops Sibth. & Sm. var. melanops,no,NE
540099,Vicia mollis Boiss. & Hausskn.,Yes,no
537648,Vicia narbonensis L.,Yes,yes
540094,Vicia narbonensis var. affinis Asch. & Schweinf.,no,NE
540092,Vicia narbonensis L. var. narbonensis,no,NE
540541,Vicia narbonensis var. salmonea (Mouterde) H. I. Schafer,no,NE
537655,Vicia pannonica Crantz,Yes,yes
539614,Vicia pannonica Crantz subsp. pannonica,no,NE
539615,Vicia pannonica subsp. striata (M. Bieb.) Nyman,no,NE
540487,Vicia pectinata Lowe,Yes,yes
539471,Vicia pyrenaica Pourr.,Yes,yes
537659,Vicia sativa L.,Yes,yes
537660,Vicia sativa subsp. amphicarpa (Dorthes) Asch.,no,NE
539616,Vicia sativa subsp. cordata (Hoppe) Batt.,no,NE
540524,Vicia sativa subsp. devia J. G. Costa,no,NE
539617,Vicia sativa subsp. incisa (M. Bieb.) Arcang.,no,NE
537661,Vicia sativa subsp. macrocarpa (Moris) Arcang.,no,NE
537662,Vicia sativa subsp. nigra (L.) Ehrh.,no,NE
540528,Vicia sativa var. platysperma Barulina,no,NE
537673,Vicia serratifolia Jacq.,Yes,yes
537681,Vicia villosa Roth,Yes,yes
541315,Vicia villosa subsp. ambigua (Guss.) Kergu�len,no,NE
537682,Vicia villosa subsp. eriocarpa (Hausskn.) P. W. Ball,no,NE
537684,Vicia villosa subsp. microphylla (d'Urv.) P. W. Ball,no,NE
537688,Vicia villosa subsp. varia (Host) Corb.,no,NE
537690,Vicia villosa Roth subsp. villosa,no,NE
552123,Vitis acerifolia Raf.,Yes,no
553625,Vitis amurensis Rupr.,Yes,no
449722,Vitis labrusca L.,Yes,no
449733,Vitis riparia Michx.,Yes,no
449726,Vitis rupestris Scheele,Yes,no
449727,Vitis vinifera L.,Yes,yes
449732,Vitis vulpina L.,Yes,no